full_name,stars,watchers,forks,stars_delta,watchers_delta,forks_delta,url
affaan-m/everything-claude-code,163470,163470,25373,304,304,38,https://github.com/affaan-m/everything-claude-code
shareAI-lab/learn-claude-code,55556,55556,9147,113,113,13,https://github.com/shareAI-lab/learn-claude-code
ChinaSiro/claude-code-sourcemap,8976,8976,14529,8,8,3,https://github.com/ChinaSiro/claude-code-sourcemap
pengchengneo/Claude-Code,1228,1228,2204,2,2,1,https://github.com/pengchengneo/Claude-Code
hesreallyhim/awesome-claude-code,40201,40201,3325,59,59,5,https://github.com/hesreallyhim/awesome-claude-code
shanraisshan/claude-code-best-practice,47247,47247,4646,82,82,7,https://github.com/shanraisshan/claude-code-best-practice
musistudio/claude-code-router,32692,32692,2608,20,20,2,https://github.com/musistudio/claude-code-router
davila7/claude-code-templates,24900,24900,2463,18,18,2,https://github.com/davila7/claude-code-templates
LING71671/Open-ClaudeCode,766,766,1122,0,0,2,https://github.com/LING71671/Open-ClaudeCode
oboard/claude-code-rev,3036,3036,3760,2,2,1,https://github.com/oboard/claude-code-rev
ponponon/claude_code_src,2181,2181,3486,0,0,2,https://github.com/ponponon/claude_code_src
VoltAgent/awesome-claude-code-subagents,17934,17934,2042,24,24,1,https://github.com/VoltAgent/awesome-claude-code-subagents
Donchitos/Claude-Code-Game-Studios,15145,15145,2151,163,163,23,https://github.com/Donchitos/Claude-Code-Game-Studios
anthropics/claude-code-action,7219,7219,1744,6,6,2,https://github.com/anthropics/claude-code-action
Piebald-AI/claude-code-system-prompts,9280,9280,1662,21,21,4,https://github.com/Piebald-AI/claude-code-system-prompts
diet103/claude-code-infrastructure-showcase,9543,9543,1216,2,2,0,https://github.com/diet103/claude-code-infrastructure-showcase
liuup/claude-code-analysis,1875,1875,1397,22,22,7,https://github.com/liuup/claude-code-analysis
frankbria/ralph-claude-code,8776,8776,657,3,3,0,https://github.com/frankbria/ralph-claude-code
hangsman/claude-code-source,757,757,1739,0,0,0,https://github.com/hangsman/claude-code-source
chauncygu/collection-claude-code-source-code,2209,2209,2195,8,8,2,https://github.com/chauncygu/collection-claude-code-source-code
ykdojo/claude-code-tips,7876,7876,581,10,10,1,https://github.com/ykdojo/claude-code-tips
pedrohcgs/claude-code-my-workflow,965,965,1973,2,2,6,https://github.com/pedrohcgs/claude-code-my-workflow
ChrisWiles/claude-code-showcase,5823,5823,537,7,7,0,https://github.com/ChrisWiles/claude-code-showcase
lintsinghua/claude-code-book,2886,2886,667,6,6,1,https://github.com/lintsinghua/claude-code-book
OneRedOak/claude-code-workflows,3782,3782,554,0,0,0,https://github.com/OneRedOak/claude-code-workflows
huangserva/claude-code-cli,557,557,1287,0,0,0,https://github.com/huangserva/claude-code-cli
1rgs/claude-code-proxy,3465,3465,458,1,1,2,https://github.com/1rgs/claude-code-proxy
anthropics/skills,121925,121925,14203,190,190,35,https://github.com/anthropics/skills
777genius/claude-code-source-code,899,899,1121,0,0,0,https://github.com/777genius/claude-code-source-code
disler/claude-code-hooks-mastery,3546,3546,597,0,0,-1,https://github.com/disler/claude-code-hooks-mastery
zebbern/claude-code-guide,3971,3971,378,2,2,0,https://github.com/zebbern/claude-code-guide
lorryjovens-hub/claude-code-rust,1421,1421,578,2,2,0,https://github.com/lorryjovens-hub/claude-code-rust
qwibitai/nanoclaw,27642,27642,12579,4,4,15,https://github.com/qwibitai/nanoclaw
Maciek-roboblog/Claude-Code-Usage-Monitor,7676,7676,386,5,5,0,https://github.com/Maciek-roboblog/Claude-Code-Usage-Monitor
FlorianBruniaux/claude-code-ultimate-guide,3804,3804,518,7,7,1,https://github.com/FlorianBruniaux/claude-code-ultimate-guide
zstmfhy/Claude-code,191,191,285,0,0,0,https://github.com/zstmfhy/Claude-code
Yuyz0112/claude-code-reverse,2355,2355,404,0,0,0,https://github.com/Yuyz0112/claude-code-reverse
kodu-ai/claude-coder,5277,5277,199,0,0,0,https://github.com/kodu-ai/claude-coder
nicedreamzapp/claude-code-local,1951,1951,384,58,58,3,https://github.com/nicedreamzapp/claude-code-local
sickn33/antigravity-awesome-skills,34459,34459,5697,58,58,5,https://github.com/sickn33/antigravity-awesome-skills
fuergaosi233/claude-code-proxy,2473,2473,353,2,2,0,https://github.com/fuergaosi233/claude-code-proxy
RichardAtCT/claude-code-telegram,2477,2477,346,0,0,0,https://github.com/RichardAtCT/claude-code-telegram
Alishahryar1/free-claude-code,2046,2046,383,18,18,3,https://github.com/Alishahryar1/free-claude-code
wanshuiyin/Auto-claude-code-research-in-sleep,7186,7186,674,14,14,0,https://github.com/wanshuiyin/Auto-claude-code-research-in-sleep
anthropics/claude-code-security-review,4340,4340,388,1,1,0,https://github.com/anthropics/claude-code-security-review
Windy3f3f3f3f/how-claude-code-works,1964,1964,520,3,3,0,https://github.com/Windy3f3f3f3f/how-claude-code-works
alejandrobalderas/claude-code-from-source,1676,1676,519,2,2,0,https://github.com/alejandrobalderas/claude-code-from-source
ding113/claude-code-hub,2592,2592,290,3,3,-1,https://github.com/ding113/claude-code-hub
forrestchang/andrej-karpathy-skills,73443,73443,6773,1420,1420,205,https://github.com/forrestchang/andrej-karpathy-skills
Cranot/claude-code-guide,2626,2626,289,1,1,0,https://github.com/Cranot/claude-code-guide
fazxes/Claude-code,209,209,207,1,1,0,https://github.com/fazxes/Claude-code
AprilNEA/claude-code-source,373,373,614,0,0,0,https://github.com/AprilNEA/claude-code-source
anthropics/claude-code-base-action,798,798,599,0,0,0,https://github.com/anthropics/claude-code-base-action
luyao618/Claude-Code-Source-Study,1206,1206,478,1,1,0,https://github.com/luyao618/Claude-Code-Source-Study
router-for-me/CLIProxyAPI,27796,27796,4608,69,69,25,https://github.com/router-for-me/CLIProxyAPI
https-deeplearning-ai/sc-claude-code-files,491,491,682,0,0,1,https://github.com/https-deeplearning-ai/sc-claude-code-files
repowise-dev/claude-code-prompts,952,952,359,0,0,0,https://github.com/repowise-dev/claude-code-prompts
JrCx7scC/claude-code-source,356,356,528,1,1,1,https://github.com/JrCx7scC/claude-code-source
guanshan/ClaudeCode,56,56,215,1,1,1,https://github.com/guanshan/ClaudeCode
Yeachan-Heo/oh-my-claudecode,30600,30600,2836,66,66,9,https://github.com/Yeachan-Heo/oh-my-claudecode
rohitg00/awesome-claude-code-toolkit,1374,1374,421,0,0,3,https://github.com/rohitg00/awesome-claude-code-toolkit
bfly123/claude_code_bridge,2321,2321,217,1,1,0,https://github.com/bfly123/claude_code_bridge
edmund-io/edmunds-claude-code,1407,1407,282,1,1,0,https://github.com/edmund-io/edmunds-claude-code
Pimzino/claude-code-spec-workflow,3679,3679,258,3,3,0,https://github.com/Pimzino/claude-code-spec-workflow
KimYx0207/Claude-Code-x-OpenClaw-Guide-Zh,3433,3433,665,7,7,3,https://github.com/KimYx0207/Claude-Code-x-OpenClaw-Guide-Zh
AICoderTudou/claude-code-tudou,494,494,395,2,2,2,https://github.com/AICoderTudou/claude-code-tudou
anthropics/claude-plugins-official,17538,17538,2077,30,30,4,https://github.com/anthropics/claude-plugins-official
snarktank/ralph,17594,17594,1752,22,22,3,https://github.com/snarktank/ralph
eyaltoledano/claude-task-master,26659,26659,2489,5,5,3,https://github.com/eyaltoledano/claude-task-master
carlvellotti/claude-code-pm-course,1894,1894,294,2,2,0,https://github.com/carlvellotti/claude-code-pm-course
wshobson/agents,34058,34058,3694,10,10,2,https://github.com/wshobson/agents
ghuntley/claude-code-source-code-deobfuscation,973,973,556,0,0,0,https://github.com/ghuntley/claude-code-source-code-deobfuscation
alirezarezvani/claude-skills,12259,12259,1615,33,33,7,https://github.com/alirezarezvani/claude-skills
andrew-kramer-inno/claude-code-source-build,575,575,510,0,0,0,https://github.com/andrew-kramer-inno/claude-code-source-build
feiskyer/claude-code-settings,1452,1452,218,0,0,1,https://github.com/feiskyer/claude-code-settings
slopus/happy,18918,18918,1553,17,17,6,https://github.com/slopus/happy
luongnv89/claude-howto,28117,28117,3436,54,54,7,https://github.com/luongnv89/claude-howto
farion1231/cc-switch,48729,48729,3110,257,257,10,https://github.com/farion1231/cc-switch
sugyan/claude-code-webui,1041,1041,240,3,3,0,https://github.com/sugyan/claude-code-webui
Hyper66666/claude-code-sourcemap,208,208,456,0,0,0,https://github.com/Hyper66666/claude-code-sourcemap
NanmiCoder/cc-haha,7931,7931,7007,122,122,33,https://github.com/NanmiCoder/cc-haha
Windy3f3f3f3f/claude-code-from-scratch,977,977,332,0,0,0,https://github.com/Windy3f3f3f3f/claude-code-from-scratch
garrytan/gstack,79809,79809,11519,79809,79809,11519,https://github.com/garrytan/gstack
